<?xml version="1.0" encoding="utf-8"?>
<link:linkbase xmlns:link="http://www.xbrl.org/2003/linkbase" xmlns:xsi="http://www.w3.org/2001/XMLSchema-instance" xmlns:xbrli="http://www.xbrl.org/2003/instance" xmlns:xlink="http://www.w3.org/1999/xlink">
  <link:labelLink xlink:type="extended" xlink:role="http://www.xbrl.org/2003/role/link">
    <link:loc xlink:type="locator" xlink:href="jpsps070300-asr-001_G04956-000_2013-12-31_01_2014-03-27.xsd#jpsps070300-asr_G04956-000_SecurityDepositsIOAINV" xlink:label="SecurityDepositsIOAINV" />
    <link:loc xlink:type="locator" xlink:href="jpsps070300-asr-001_G04956-000_2013-12-31_01_2014-03-27.xsd#jpsps070300-asr_G04956-000_CurrentPortionOfInvestmentCorporationBondCL" xlink:label="CurrentPortionOfInvestmentCorporationBondCL" />
    <link:loc xlink:type="locator" xlink:href="jpsps070300-asr-001_G04956-000_2013-12-31_01_2014-03-27.xsd#jpsps070300-asr_G04956-000_VoluntaryRetainedEarningsAbstract" xlink:label="VoluntaryRetainedEarningsAbstract" />
    <link:loc xlink:type="locator" xlink:href="jpsps070300-asr-001_G04956-000_2013-12-31_01_2014-03-27.xsd#jpsps070300-asr_G04956-000_TotalVoluntaryRetainedEarningsAbstract" xlink:label="TotalVoluntaryRetainedEarningsAbstract" />
    <link:loc xlink:type="locator" xlink:href="jpsps070300-asr-001_G04956-000_2013-12-31_01_2014-03-27.xsd#jpsps070300-asr_G04956-000_SilentPartnershipDistributionORINV" xlink:label="SilentPartnershipDistributionORINV" />
    <link:loc xlink:type="locator" xlink:href="jpsps070300-asr-001_G04956-000_2013-12-31_01_2014-03-27.xsd#jpsps070300-asr_G04956-000_DecreaseIncreaseInConsumptionTaxesReceivable" xlink:label="DecreaseIncreaseInConsumptionTaxesReceivable" />
    <link:loc xlink:type="locator" xlink:href="jpsps070300-asr-001_G04956-000_2013-12-31_01_2014-03-27.xsd#jpsps070300-asr_G04956-000_ProceedsFromRefundOfInvestmentSecuritiesInvCFINV" xlink:label="ProceedsFromRefundOfInvestmentSecuritiesInvCFINV" />
    <link:loc xlink:type="locator" xlink:href="jpsps070300-asr-001_G04956-000_2013-12-31_01_2014-03-27.xsd#jpsps070300-asr_G04956-000_DistributionsFromRetainedEarningsURE" xlink:label="DistributionsFromRetainedEarningsURE" />
    <link:loc xlink:type="locator" xlink:href="jpsps070300-asr-001_G04956-000_2013-12-31_01_2014-03-27.xsd#jpsps070300-asr_G04956-000_ApplicationFeeOverviewOfFundNA" xlink:label="ApplicationFeeOverviewOfFundNA" />
    <link:loc xlink:type="locator" xlink:href="jpsps070300-asr-001_G04956-000_2013-12-31_01_2014-03-27.xsd#jpsps070300-asr_G04956-000_RedemptionFeeInvestmentCorporationNA" xlink:label="RedemptionFeeInvestmentCorporationNA" />
    <link:loc xlink:type="locator" xlink:href="jpsps070300-asr-001_G04956-000_2013-12-31_01_2014-03-27.xsd#jpsps070300-asr_G04956-000_ProceduresEtcForApplicationAndDistributionInvestmentCorporationNA" xlink:label="ProceduresEtcForApplicationAndDistributionInvestmentCorporationNA" />
    <link:loc xlink:type="locator" xlink:href="jpsps070300-asr-001_G04956-000_2013-12-31_01_2014-03-27.xsd#jpsps070300-asr_G04956-000_RedemptionProceduresEtcInvestmentCorporationNA" xlink:label="RedemptionProceduresEtcInvestmentCorporationNA" />
    <link:label xlink:type="resource" xlink:label="label_ApplicationFeeOverviewOfFundNA" xml:lang="en" xlink:role="http://www.xbrl.org/2003/role/label" id="label_ApplicationFeeOverviewOfFundNA">Application fee (N/A)</link:label>
    <link:labelArc xlink:type="arc" xlink:arcrole="http://www.xbrl.org/2003/arcrole/concept-label" xlink:from="ApplicationFeeOverviewOfFundNA" xlink:to="label_ApplicationFeeOverviewOfFundNA" />
    <link:label xlink:type="resource" xlink:label="label_ApplicationFeeOverviewOfFundNA_2" xml:lang="en" xlink:role="http://www.xbrl.org/2003/role/verboseLabel" id="label_ApplicationFeeOverviewOfFundNA_2">Application fee, Overview of fund (N/A)</link:label>
    <link:labelArc xlink:type="arc" xlink:arcrole="http://www.xbrl.org/2003/arcrole/concept-label" xlink:from="ApplicationFeeOverviewOfFundNA" xlink:to="label_ApplicationFeeOverviewOfFundNA_2" />
    <link:label xlink:type="resource" xlink:label="label_RedemptionFeeInvestmentCorporationNA" xml:lang="en" xlink:role="http://www.xbrl.org/2003/role/label" id="label_RedemptionFeeInvestmentCorporationNA">Redemption fee (N/A)</link:label>
    <link:labelArc xlink:type="arc" xlink:arcrole="http://www.xbrl.org/2003/arcrole/concept-label" xlink:from="RedemptionFeeInvestmentCorporationNA" xlink:to="label_RedemptionFeeInvestmentCorporationNA" />
    <link:label xlink:type="resource" xlink:label="label_RedemptionFeeInvestmentCorporationNA_2" xml:lang="en" xlink:role="http://www.xbrl.org/2003/role/verboseLabel" id="label_RedemptionFeeInvestmentCorporationNA_2">Redemption fee, Investment corporation (N/A)</link:label>
    <link:labelArc xlink:type="arc" xlink:arcrole="http://www.xbrl.org/2003/arcrole/concept-label" xlink:from="RedemptionFeeInvestmentCorporationNA" xlink:to="label_RedemptionFeeInvestmentCorporationNA_2" />
    <link:label xlink:type="resource" xlink:label="label_ProceduresEtcForApplicationAndDistributionInvestmentCorporationNA" xml:lang="en" xlink:role="http://www.xbrl.org/2003/role/label" id="label_ProceduresEtcForApplicationAndDistributionInvestmentCorporationNA">Procedures, etc. for application and distribution (N/A)</link:label>
    <link:labelArc xlink:type="arc" xlink:arcrole="http://www.xbrl.org/2003/arcrole/concept-label" xlink:from="ProceduresEtcForApplicationAndDistributionInvestmentCorporationNA" xlink:to="label_ProceduresEtcForApplicationAndDistributionInvestmentCorporationNA" />
    <link:label xlink:type="resource" xlink:label="label_ProceduresEtcForApplicationAndDistributionInvestmentCorporationNA_2" xml:lang="en" xlink:role="http://www.xbrl.org/2003/role/verboseLabel" id="label_ProceduresEtcForApplicationAndDistributionInvestmentCorporationNA_2">Procedures, etc. for application and distribution, Investment corporation (N/A)</link:label>
    <link:labelArc xlink:type="arc" xlink:arcrole="http://www.xbrl.org/2003/arcrole/concept-label" xlink:from="ProceduresEtcForApplicationAndDistributionInvestmentCorporationNA" xlink:to="label_ProceduresEtcForApplicationAndDistributionInvestmentCorporationNA_2" />
    <link:label xlink:type="resource" xlink:label="label_RedemptionProceduresEtcInvestmentCorporationNA" xml:lang="en" xlink:role="http://www.xbrl.org/2003/role/label" id="label_RedemptionProceduresEtcInvestmentCorporationNA">Redemption procedures, etc. (N/A)</link:label>
    <link:labelArc xlink:type="arc" xlink:arcrole="http://www.xbrl.org/2003/arcrole/concept-label" xlink:from="RedemptionProceduresEtcInvestmentCorporationNA" xlink:to="label_RedemptionProceduresEtcInvestmentCorporationNA" />
    <link:label xlink:type="resource" xlink:label="label_RedemptionProceduresEtcInvestmentCorporationNA_2" xml:lang="en" xlink:role="http://www.xbrl.org/2003/role/verboseLabel" id="label_RedemptionProceduresEtcInvestmentCorporationNA_2">Redemption procedures, etc., Investment corporation (N/A)</link:label>
    <link:labelArc xlink:type="arc" xlink:arcrole="http://www.xbrl.org/2003/arcrole/concept-label" xlink:from="RedemptionProceduresEtcInvestmentCorporationNA" xlink:to="label_RedemptionProceduresEtcInvestmentCorporationNA_2" />
    <link:label xlink:type="resource" xlink:label="label_SilentPartnershipDistributionORINV" xml:lang="en" xlink:role="http://www.xbrl.org/2003/role/label" id="label_SilentPartnershipDistributionORINV">Silent partnership distribution</link:label>
    <link:labelArc xlink:type="arc" xlink:arcrole="http://www.xbrl.org/2003/arcrole/concept-label" xlink:from="SilentPartnershipDistributionORINV" xlink:to="label_SilentPartnershipDistributionORINV" />
    <link:label xlink:type="resource" xlink:label="label_SilentPartnershipDistributionORINV_2" xml:lang="en" xlink:role="http://www.xbrl.org/2003/role/verboseLabel" id="label_SilentPartnershipDistributionORINV_2">Silent partnership distribution-OR-INV</link:label>
    <link:labelArc xlink:type="arc" xlink:arcrole="http://www.xbrl.org/2003/arcrole/concept-label" xlink:from="SilentPartnershipDistributionORINV" xlink:to="label_SilentPartnershipDistributionORINV_2" />
    <link:loc xlink:type="locator" xlink:href="jpsps070300-asr-001_G04956-000_2013-12-31_01_2014-03-27.xsd#jpsps070300-asr_G04956-000_PaymentsForInvestmentCorporationBondIssuanceCostsFinCF" xlink:label="PaymentsForInvestmentCorporationBondIssuanceCostsFinCF" />
    <link:label xlink:type="resource" xlink:label="label_SecurityDepositsIOAINV" xml:lang="en" xlink:role="http://www.xbrl.org/2003/role/label" id="label_SecurityDepositsIOAINV">Security deposits</link:label>
    <link:labelArc xlink:type="arc" xlink:arcrole="http://www.xbrl.org/2003/arcrole/concept-label" xlink:from="SecurityDepositsIOAINV" xlink:to="label_SecurityDepositsIOAINV" />
    <link:label xlink:type="resource" xlink:label="label_SecurityDepositsIOAINV_2" xml:lang="en" xlink:role="http://www.xbrl.org/2003/role/verboseLabel" id="label_SecurityDepositsIOAINV_2">Security deposits-IOA-INV</link:label>
    <link:labelArc xlink:type="arc" xlink:arcrole="http://www.xbrl.org/2003/arcrole/concept-label" xlink:from="SecurityDepositsIOAINV" xlink:to="label_SecurityDepositsIOAINV_2" />
    <link:label xlink:type="resource" xlink:label="label_CurrentPortionOfInvestmentCorporationBondCL" xml:lang="en" xlink:role="http://www.xbrl.org/2003/role/label" id="label_CurrentPortionOfInvestmentCorporationBondCL">CurrentPortionOfInvestmentCorporationBond</link:label>
    <link:labelArc xlink:type="arc" xlink:arcrole="http://www.xbrl.org/2003/arcrole/concept-label" xlink:from="CurrentPortionOfInvestmentCorporationBondCL" xlink:to="label_CurrentPortionOfInvestmentCorporationBondCL" />
    <link:label xlink:type="resource" xlink:label="label_CurrentPortionOfInvestmentCorporationBondCL_2" xml:lang="en" xlink:role="http://www.xbrl.org/2003/role/verboseLabel" id="label_CurrentPortionOfInvestmentCorporationBondCL_2">CurrentPortionOfInvestmentCorporationBond-CL</link:label>
    <link:labelArc xlink:type="arc" xlink:arcrole="http://www.xbrl.org/2003/arcrole/concept-label" xlink:from="CurrentPortionOfInvestmentCorporationBondCL" xlink:to="label_CurrentPortionOfInvestmentCorporationBondCL_2" />
    <link:label xlink:type="resource" xlink:label="label_VoluntaryRetainedEarningsAbstract" xml:lang="en" xlink:role="http://www.xbrl.org/2003/role/label" id="label_VoluntaryRetainedEarningsAbstract">VoluntaryRetainedEarnings</link:label>
    <link:labelArc xlink:type="arc" xlink:arcrole="http://www.xbrl.org/2003/arcrole/concept-label" xlink:from="VoluntaryRetainedEarningsAbstract" xlink:to="label_VoluntaryRetainedEarningsAbstract" />
    <link:label xlink:type="resource" xlink:label="label_VoluntaryRetainedEarningsAbstract_2" xml:lang="en" xlink:role="http://www.xbrl.org/2003/role/verboseLabel" id="label_VoluntaryRetainedEarningsAbstract_2">VoluntaryRetainedEarnings-abstract</link:label>
    <link:labelArc xlink:type="arc" xlink:arcrole="http://www.xbrl.org/2003/arcrole/concept-label" xlink:from="VoluntaryRetainedEarningsAbstract" xlink:to="label_VoluntaryRetainedEarningsAbstract_2" />
    <link:label xlink:type="resource" xlink:label="label_TotalVoluntaryRetainedEarningsAbstract" xml:lang="en" xlink:role="http://www.xbrl.org/2003/role/label" id="label_TotalVoluntaryRetainedEarningsAbstract">TotalVoluntaryRetainedEarningsAbstract</link:label>
    <link:labelArc xlink:type="arc" xlink:arcrole="http://www.xbrl.org/2003/arcrole/concept-label" xlink:from="TotalVoluntaryRetainedEarningsAbstract" xlink:to="label_TotalVoluntaryRetainedEarningsAbstract" />
    <link:label xlink:type="resource" xlink:label="label_TotalVoluntaryRetainedEarningsAbstract_2" xml:lang="en" xlink:role="http://www.xbrl.org/2003/role/verboseLabel" id="label_TotalVoluntaryRetainedEarningsAbstract_2">TotalVoluntaryRetainedEarningsAbstract</link:label>
    <link:labelArc xlink:type="arc" xlink:arcrole="http://www.xbrl.org/2003/arcrole/concept-label" xlink:from="TotalVoluntaryRetainedEarningsAbstract" xlink:to="label_TotalVoluntaryRetainedEarningsAbstract_2" />
    <link:label xlink:type="resource" xlink:label="label_TotalVoluntaryRetainedEarningsAbstract_3" xml:lang="en" xlink:role="http://www.xbrl.org/2003/role/periodStartLabel" id="label_TotalVoluntaryRetainedEarningsAbstract_3">Balance at the start of current period</link:label>
    <link:labelArc xlink:type="arc" xlink:arcrole="http://www.xbrl.org/2003/arcrole/concept-label" xlink:from="TotalVoluntaryRetainedEarningsAbstract" xlink:to="label_TotalVoluntaryRetainedEarningsAbstract_3" />
    <link:label xlink:type="resource" xlink:label="label_TotalVoluntaryRetainedEarningsAbstract_4" xml:lang="en" xlink:role="http://www.xbrl.org/2003/role/periodEndLabel" id="label_TotalVoluntaryRetainedEarningsAbstract_4">Balance at the end of current period</link:label>
    <link:labelArc xlink:type="arc" xlink:arcrole="http://www.xbrl.org/2003/arcrole/concept-label" xlink:from="TotalVoluntaryRetainedEarningsAbstract" xlink:to="label_TotalVoluntaryRetainedEarningsAbstract_4" />
    <link:label xlink:type="resource" xlink:label="label_DistributionsFromRetainedEarningsURE" xml:lang="en" xlink:role="http://www.xbrl.org/2003/role/label" id="label_DistributionsFromRetainedEarningsURE">Distributions from retained earnings</link:label>
    <link:labelArc xlink:type="arc" xlink:arcrole="http://www.xbrl.org/2003/arcrole/concept-label" xlink:from="DistributionsFromRetainedEarningsURE" xlink:to="label_DistributionsFromRetainedEarningsURE" />
    <link:label xlink:type="resource" xlink:label="label_DistributionsFromRetainedEarningsURE_2" xml:lang="en" xlink:role="http://www.xbrl.org/2003/role/verboseLabel" id="label_DistributionsFromRetainedEarningsURE_2">Distributions from retained earnings-URE</link:label>
    <link:labelArc xlink:type="arc" xlink:arcrole="http://www.xbrl.org/2003/arcrole/concept-label" xlink:from="DistributionsFromRetainedEarningsURE" xlink:to="label_DistributionsFromRetainedEarningsURE_2" />
    <link:label xlink:type="resource" xlink:label="label_DecreaseIncreaseInConsumptionTaxesReceivable" xml:lang="en" xlink:role="http://www.xbrl.org/2003/role/label" id="label_DecreaseIncreaseInConsumptionTaxesReceivable">Decrease Increase In Consumption Taxes Receivable</link:label>
    <link:labelArc xlink:type="arc" xlink:arcrole="http://www.xbrl.org/2003/arcrole/concept-label" xlink:from="DecreaseIncreaseInConsumptionTaxesReceivable" xlink:to="label_DecreaseIncreaseInConsumptionTaxesReceivable" />
    <link:label xlink:type="resource" xlink:label="label_DecreaseIncreaseInConsumptionTaxesReceivable_2" xml:lang="en" xlink:role="http://www.xbrl.org/2003/role/verboseLabel" id="label_DecreaseIncreaseInConsumptionTaxesReceivable_2">Decrease Increase In Consumption Taxes Receivable</link:label>
    <link:labelArc xlink:type="arc" xlink:arcrole="http://www.xbrl.org/2003/arcrole/concept-label" xlink:from="DecreaseIncreaseInConsumptionTaxesReceivable" xlink:to="label_DecreaseIncreaseInConsumptionTaxesReceivable_2" />
    <link:label xlink:type="resource" xlink:label="label_ProceedsFromRefundOfInvestmentSecuritiesInvCFINV" xml:lang="en" xlink:role="http://www.xbrl.org/2003/role/label" id="label_ProceedsFromRefundOfInvestmentSecuritiesInvCFINV">Proceeds from refund of investment securities</link:label>
    <link:labelArc xlink:type="arc" xlink:arcrole="http://www.xbrl.org/2003/arcrole/concept-label" xlink:from="ProceedsFromRefundOfInvestmentSecuritiesInvCFINV" xlink:to="label_ProceedsFromRefundOfInvestmentSecuritiesInvCFINV" />
    <link:label xlink:type="resource" xlink:label="label_ProceedsFromRefundOfInvestmentSecuritiesInvCFINV_2" xml:lang="en" xlink:role="http://www.xbrl.org/2003/role/verboseLabel" id="label_ProceedsFromRefundOfInvestmentSecuritiesInvCFINV_2">Proceeds from refund of investment securities-InvCF-INV</link:label>
    <link:labelArc xlink:type="arc" xlink:arcrole="http://www.xbrl.org/2003/arcrole/concept-label" xlink:from="ProceedsFromRefundOfInvestmentSecuritiesInvCFINV" xlink:to="label_ProceedsFromRefundOfInvestmentSecuritiesInvCFINV_2" />
    <link:label xlink:type="resource" xlink:label="label_PaymentsForInvestmentCorporationBondIssuanceCostsFinCF" xml:lang="en" xlink:role="http://www.xbrl.org/2003/role/label" id="label_PaymentsForInvestmentCorporationBondIssuanceCostsFinCF">Payments for investment corporation bond issuance costs</link:label>
    <link:labelArc xlink:type="arc" xlink:arcrole="http://www.xbrl.org/2003/arcrole/concept-label" xlink:from="PaymentsForInvestmentCorporationBondIssuanceCostsFinCF" xlink:to="label_PaymentsForInvestmentCorporationBondIssuanceCostsFinCF" />
    <link:label xlink:type="resource" xlink:label="label_PaymentsForInvestmentCorporationBondIssuanceCostsFinCF_2" xml:lang="en" xlink:role="http://www.xbrl.org/2003/role/verboseLabel" id="label_PaymentsForInvestmentCorporationBondIssuanceCostsFinCF_2">Payments for investment corporation bond issuance costs-FinCF</link:label>
    <link:labelArc xlink:type="arc" xlink:arcrole="http://www.xbrl.org/2003/arcrole/concept-label" xlink:from="PaymentsForInvestmentCorporationBondIssuanceCostsFinCF" xlink:to="label_PaymentsForInvestmentCorporationBondIssuanceCostsFinCF_2" />
  </link:labelLink>
</link:linkbase>