<?xml version="1.0" encoding="utf-8"?>
<!-- Generated by PRONEXUS WORKS -->
<link:linkbase xmlns:link="http://www.xbrl.org/2003/linkbase" xmlns:xsi="http://www.w3.org/2001/XMLSchema-instance" xmlns:xbrli="http://www.xbrl.org/2003/instance" xmlns:xlink="http://www.w3.org/1999/xlink">
  <link:labelLink xlink:type="extended" xlink:role="http://www.xbrl.org/2003/role/link">
    <link:loc xlink:type="locator" xlink:href="jpsps070300-asr-001_G04956-000_2017-06-30_01_2017-09-22.xsd#jpsps070300-asr_G04956-000_SecurityDepositsIOAINV" xlink:label="SecurityDepositsIOAINV" />
    <link:loc xlink:type="locator" xlink:href="jpsps070300-asr-001_G04956-000_2017-06-30_01_2017-09-22.xsd#jpsps070300-asr_G04956-000_TotalVoluntaryRetainedEarningsAbstract" xlink:label="TotalVoluntaryRetainedEarningsAbstract" />
    <link:loc xlink:type="locator" xlink:href="jpsps070300-asr-001_G04956-000_2017-06-30_01_2017-09-22.xsd#jpsps070300-asr_G04956-000_DecreaseIncreaseInConsumptionTaxesReceivable" xlink:label="DecreaseIncreaseInConsumptionTaxesReceivable" />
    <link:loc xlink:type="locator" xlink:href="jpsps070300-asr-001_G04956-000_2017-06-30_01_2017-09-22.xsd#jpsps070300-asr_G04956-000_DistributionsFromRetainedEarningsURE" xlink:label="DistributionsFromRetainedEarningsURE" />
    <link:loc xlink:type="locator" xlink:href="jpsps070300-asr-001_G04956-000_2017-06-30_01_2017-09-22.xsd#jpsps070300-asr_G04956-000_ShareOwnershipProgramForEmployeesOfAssetManagementCompanyNA" xlink:label="ShareOwnershipProgramForEmployeesOfAssetManagementCompanyNA" />
    <link:loc xlink:type="locator" xlink:href="jpsps070300-asr-001_G04956-000_2017-06-30_01_2017-09-22.xsd#jpsps070300-asr_G04956-000_ApplicationFeeOverviewOfFundNA" xlink:label="ApplicationFeeOverviewOfFundNA" />
    <link:loc xlink:type="locator" xlink:href="jpsps070300-asr-001_G04956-000_2017-06-30_01_2017-09-22.xsd#jpsps070300-asr_G04956-000_RedemptionFeeInvestmentCorporationNA" xlink:label="RedemptionFeeInvestmentCorporationNA" />
    <link:loc xlink:type="locator" xlink:href="jpsps070300-asr-001_G04956-000_2017-06-30_01_2017-09-22.xsd#jpsps070300-asr_G04956-000_ProceduresEtcForApplicationAndDistributionInvestmentCorporationNA" xlink:label="ProceduresEtcForApplicationAndDistributionInvestmentCorporationNA" />
    <link:label xlink:type="resource" xlink:label="label_ShareOwnershipProgramForEmployeesOfAssetManagementCompanyNA" xml:lang="ja" xlink:role="http://www.xbrl.org/2003/role/label" id="label_ShareOwnershipProgramForEmployeesOfAssetManagementCompanyNA">資産運用会社従業員等投資口所有制度の内容（該当なし）</link:label>
    <link:labelArc xlink:type="arc" xlink:arcrole="http://www.xbrl.org/2003/arcrole/concept-label" xlink:from="ShareOwnershipProgramForEmployeesOfAssetManagementCompanyNA" xlink:to="label_ShareOwnershipProgramForEmployeesOfAssetManagementCompanyNA" />
    <link:label xlink:type="resource" xlink:label="label_ShareOwnershipProgramForEmployeesOfAssetManagementCompanyNA_2" xml:lang="ja" xlink:role="http://www.xbrl.org/2003/role/verboseLabel" id="label_ShareOwnershipProgramForEmployeesOfAssetManagementCompanyNA_2">資産運用会社従業員等投資口所有制度の内容（該当なし）</link:label>
    <link:labelArc xlink:type="arc" xlink:arcrole="http://www.xbrl.org/2003/arcrole/concept-label" xlink:from="ShareOwnershipProgramForEmployeesOfAssetManagementCompanyNA" xlink:to="label_ShareOwnershipProgramForEmployeesOfAssetManagementCompanyNA_2" />
    <link:label xlink:type="resource" xlink:label="label_ApplicationFeeOverviewOfFundNA" xml:lang="ja" xlink:role="http://www.xbrl.org/2003/role/label" id="label_ApplicationFeeOverviewOfFundNA">申込手数料（該当なし）</link:label>
    <link:labelArc xlink:type="arc" xlink:arcrole="http://www.xbrl.org/2003/arcrole/concept-label" xlink:from="ApplicationFeeOverviewOfFundNA" xlink:to="label_ApplicationFeeOverviewOfFundNA" />
    <link:label xlink:type="resource" xlink:label="label_ApplicationFeeOverviewOfFundNA_2" xml:lang="ja" xlink:role="http://www.xbrl.org/2003/role/verboseLabel" id="label_ApplicationFeeOverviewOfFundNA_2">申込手数料、ファンドの状況（該当なし）</link:label>
    <link:labelArc xlink:type="arc" xlink:arcrole="http://www.xbrl.org/2003/arcrole/concept-label" xlink:from="ApplicationFeeOverviewOfFundNA" xlink:to="label_ApplicationFeeOverviewOfFundNA_2" />
    <link:label xlink:type="resource" xlink:label="label_RedemptionFeeInvestmentCorporationNA" xml:lang="ja" xlink:role="http://www.xbrl.org/2003/role/label" id="label_RedemptionFeeInvestmentCorporationNA">買戻し手数料（該当なし）</link:label>
    <link:labelArc xlink:type="arc" xlink:arcrole="http://www.xbrl.org/2003/arcrole/concept-label" xlink:from="RedemptionFeeInvestmentCorporationNA" xlink:to="label_RedemptionFeeInvestmentCorporationNA" />
    <link:label xlink:type="resource" xlink:label="label_RedemptionFeeInvestmentCorporationNA_2" xml:lang="ja" xlink:role="http://www.xbrl.org/2003/role/verboseLabel" id="label_RedemptionFeeInvestmentCorporationNA_2">買戻し手数料、投資法人（該当なし）</link:label>
    <link:labelArc xlink:type="arc" xlink:arcrole="http://www.xbrl.org/2003/arcrole/concept-label" xlink:from="RedemptionFeeInvestmentCorporationNA" xlink:to="label_RedemptionFeeInvestmentCorporationNA_2" />
    <link:label xlink:type="resource" xlink:label="label_ProceduresEtcForApplicationAndDistributionInvestmentCorporationNA" xml:lang="ja" xlink:role="http://www.xbrl.org/2003/role/label" id="label_ProceduresEtcForApplicationAndDistributionInvestmentCorporationNA">申込（販売）手続等（該当なし）</link:label>
    <link:labelArc xlink:type="arc" xlink:arcrole="http://www.xbrl.org/2003/arcrole/concept-label" xlink:from="ProceduresEtcForApplicationAndDistributionInvestmentCorporationNA" xlink:to="label_ProceduresEtcForApplicationAndDistributionInvestmentCorporationNA" />
    <link:label xlink:type="resource" xlink:label="label_ProceduresEtcForApplicationAndDistributionInvestmentCorporationNA_2" xml:lang="ja" xlink:role="http://www.xbrl.org/2003/role/verboseLabel" id="label_ProceduresEtcForApplicationAndDistributionInvestmentCorporationNA_2">申込（販売）手続等、投資法人（該当なし）</link:label>
    <link:labelArc xlink:type="arc" xlink:arcrole="http://www.xbrl.org/2003/arcrole/concept-label" xlink:from="ProceduresEtcForApplicationAndDistributionInvestmentCorporationNA" xlink:to="label_ProceduresEtcForApplicationAndDistributionInvestmentCorporationNA_2" />
    <link:label xlink:type="resource" xlink:label="label_SecurityDepositsIOAINV" xml:lang="ja" xlink:role="http://www.xbrl.org/2003/role/label" id="label_SecurityDepositsIOAINV">差入敷金及び保証金</link:label>
    <link:labelArc xlink:type="arc" xlink:arcrole="http://www.xbrl.org/2003/arcrole/concept-label" xlink:from="SecurityDepositsIOAINV" xlink:to="label_SecurityDepositsIOAINV" />
    <link:label xlink:type="resource" xlink:label="label_SecurityDepositsIOAINV_2" xml:lang="ja" xlink:role="http://www.xbrl.org/2003/role/verboseLabel" id="label_SecurityDepositsIOAINV_2">差入敷金及び保証金、投資その他の資産、投資業</link:label>
    <link:labelArc xlink:type="arc" xlink:arcrole="http://www.xbrl.org/2003/arcrole/concept-label" xlink:from="SecurityDepositsIOAINV" xlink:to="label_SecurityDepositsIOAINV_2" />
    <link:label xlink:type="resource" xlink:label="label_TotalVoluntaryRetainedEarningsAbstract" xml:lang="ja" xlink:role="http://www.xbrl.org/2003/role/label" id="label_TotalVoluntaryRetainedEarningsAbstract">任意積立金合計</link:label>
    <link:labelArc xlink:type="arc" xlink:arcrole="http://www.xbrl.org/2003/arcrole/concept-label" xlink:from="TotalVoluntaryRetainedEarningsAbstract" xlink:to="label_TotalVoluntaryRetainedEarningsAbstract" />
    <link:label xlink:type="resource" xlink:label="label_TotalVoluntaryRetainedEarningsAbstract_2" xml:lang="ja" xlink:role="http://www.xbrl.org/2003/role/verboseLabel" id="label_TotalVoluntaryRetainedEarningsAbstract_2">任意積立金合計</link:label>
    <link:labelArc xlink:type="arc" xlink:arcrole="http://www.xbrl.org/2003/arcrole/concept-label" xlink:from="TotalVoluntaryRetainedEarningsAbstract" xlink:to="label_TotalVoluntaryRetainedEarningsAbstract_2" />
    <link:label xlink:type="resource" xlink:label="label_TotalVoluntaryRetainedEarningsAbstract_3" xml:lang="ja" xlink:role="http://www.xbrl.org/2003/role/periodStartLabel" id="label_TotalVoluntaryRetainedEarningsAbstract_3">当期首残高</link:label>
    <link:labelArc xlink:type="arc" xlink:arcrole="http://www.xbrl.org/2003/arcrole/concept-label" xlink:from="TotalVoluntaryRetainedEarningsAbstract" xlink:to="label_TotalVoluntaryRetainedEarningsAbstract_3" />
    <link:label xlink:type="resource" xlink:label="label_TotalVoluntaryRetainedEarningsAbstract_4" xml:lang="ja" xlink:role="http://www.xbrl.org/2003/role/periodEndLabel" id="label_TotalVoluntaryRetainedEarningsAbstract_4">当期末残高</link:label>
    <link:labelArc xlink:type="arc" xlink:arcrole="http://www.xbrl.org/2003/arcrole/concept-label" xlink:from="TotalVoluntaryRetainedEarningsAbstract" xlink:to="label_TotalVoluntaryRetainedEarningsAbstract_4" />
    <link:label xlink:type="resource" xlink:label="label_DistributionsFromRetainedEarningsURE" xml:lang="ja" xlink:role="http://www.xbrl.org/2003/role/label" id="label_DistributionsFromRetainedEarningsURE">剰余金の分配</link:label>
    <link:labelArc xlink:type="arc" xlink:arcrole="http://www.xbrl.org/2003/arcrole/concept-label" xlink:from="DistributionsFromRetainedEarningsURE" xlink:to="label_DistributionsFromRetainedEarningsURE" />
    <link:label xlink:type="resource" xlink:label="label_DistributionsFromRetainedEarningsURE_2" xml:lang="ja" xlink:role="http://www.xbrl.org/2003/role/verboseLabel" id="label_DistributionsFromRetainedEarningsURE_2">剰余金の分配、当期未処分利益</link:label>
    <link:labelArc xlink:type="arc" xlink:arcrole="http://www.xbrl.org/2003/arcrole/concept-label" xlink:from="DistributionsFromRetainedEarningsURE" xlink:to="label_DistributionsFromRetainedEarningsURE_2" />
    <link:label xlink:type="resource" xlink:label="label_DecreaseIncreaseInConsumptionTaxesReceivable" xml:lang="ja" xlink:role="http://www.xbrl.org/2003/role/label" id="label_DecreaseIncreaseInConsumptionTaxesReceivable">未収消費税等の増減額（△は増加）</link:label>
    <link:labelArc xlink:type="arc" xlink:arcrole="http://www.xbrl.org/2003/arcrole/concept-label" xlink:from="DecreaseIncreaseInConsumptionTaxesReceivable" xlink:to="label_DecreaseIncreaseInConsumptionTaxesReceivable" />
    <link:label xlink:type="resource" xlink:label="label_DecreaseIncreaseInConsumptionTaxesReceivable_2" xml:lang="ja" xlink:role="http://www.xbrl.org/2003/role/verboseLabel" id="label_DecreaseIncreaseInConsumptionTaxesReceivable_2">未収消費税等の増減額（△は増加）</link:label>
    <link:labelArc xlink:type="arc" xlink:arcrole="http://www.xbrl.org/2003/arcrole/concept-label" xlink:from="DecreaseIncreaseInConsumptionTaxesReceivable" xlink:to="label_DecreaseIncreaseInConsumptionTaxesReceivable_2" />
  </link:labelLink>
</link:linkbase>